/home/workspace/CarND-Behavioral-Cloning-P3/image_write/IMG/center_2018_09_27_02_12_12_587.jpg,/home/workspace/CarND-Behavioral-Cloning-P3/image_write/IMG/left_2018_09_27_02_12_12_587.jpg,/home/workspace/CarND-Behavioral-Cloning-P3/image_write/IMG/right_2018_09_27_02_12_12_587.jpg,0,0,0,1.645676E-06
/home/workspace/CarND-Behavioral-Cloning-P3/image_write/IMG/center_2018_09_27_02_12_12_657.jpg,/home/workspace/CarND-Behavioral-Cloning-P3/image_write/IMG/left_2018_09_27_02_12_12_657.jpg,/home/workspace/CarND-Behavioral-Cloning-P3/image_write/IMG/right_2018_09_27_02_12_12_657.jpg,0,0,0,1.777299E-06
/home/workspace/CarND-Behavioral-Cloning-P3/image_write/IMG/center_2018_09_27_02_12_12_724.jpg,/home/workspace/CarND-Behavioral-Cloning-P3/image_write/IMG/left_2018_09_27_02_12_12_724.jpg,/home/workspace/CarND-Behavioral-Cloning-P3/image_write/IMG/right_2018_09_27_02_12_12_724.jpg,0,0,0,2.407162E-06
/home/workspace/CarND-Behavioral-Cloning-P3/image_write/IMG/center_2018_09_27_02_12_12_801.jpg,/home/workspace/CarND-Behavioral-Cloning-P3/image_write/IMG/left_2018_09_27_02_12_12_801.jpg,/home/workspace/CarND-Behavioral-Cloning-P3/image_write/IMG/right_2018_09_27_02_12_12_801.jpg,0,0,0,2.706427E-06
/home/workspace/CarND-Behavioral-Cloning-P3/image_write/IMG/center_2018_09_27_02_12_12_873.jpg,/home/workspace/CarND-Behavioral-Cloning-P3/image_write/IMG/left_2018_09_27_02_12_12_873.jpg,/home/workspace/CarND-Behavioral-Cloning-P3/image_write/IMG/right_2018_09_27_02_12_12_873.jpg,0,0,0,3.105675E-06
/home/workspace/CarND-Behavioral-Cloning-P3/image_write/IMG/center_2018_09_27_02_12_12_945.jpg,/home/workspace/CarND-Behavioral-Cloning-P3/image_write/IMG/left_2018_09_27_02_12_12_945.jpg,/home/workspace/CarND-Behavioral-Cloning-P3/image_write/IMG/right_2018_09_27_02_12_12_945.jpg,0,0,0,3.704081E-06
/home/workspace/CarND-Behavioral-Cloning-P3/image_write/IMG/center_2018_09_27_02_12_13_012.jpg,/home/workspace/CarND-Behavioral-Cloning-P3/image_write/IMG/left_2018_09_27_02_12_13_012.jpg,/home/workspace/CarND-Behavioral-Cloning-P3/image_write/IMG/right_2018_09_27_02_12_13_012.jpg,0,0,0,4.102127E-06
/home/workspace/CarND-Behavioral-Cloning-P3/image_write/IMG/center_2018_09_27_02_12_13_086.jpg,/home/workspace/CarND-Behavioral-Cloning-P3/image_write/IMG/left_2018_09_27_02_12_13_086.jpg,/home/workspace/CarND-Behavioral-Cloning-P3/image_write/IMG/right_2018_09_27_02_12_13_086.jpg,0,0,0,4.300975E-06
/home/workspace/CarND-Behavioral-Cloning-P3/image_write/IMG/center_2018_09_27_02_12_13_155.jpg,/home/workspace/CarND-Behavioral-Cloning-P3/image_write/IMG/left_2018_09_27_02_12_13_155.jpg,/home/workspace/CarND-Behavioral-Cloning-P3/image_write/IMG/right_2018_09_27_02_12_13_155.jpg,0,0,0,1.972189E-06
/home/workspace/CarND-Behavioral-Cloning-P3/image_write/IMG/center_2018_09_27_02_12_13_226.jpg,/home/workspace/CarND-Behavioral-Cloning-P3/image_write/IMG/left_2018_09_27_02_12_13_226.jpg,/home/workspace/CarND-Behavioral-Cloning-P3/image_write/IMG/right_2018_09_27_02_12_13_226.jpg,0,0,0,5.164808E-06
/home/workspace/CarND-Behavioral-Cloning-P3/image_write/IMG/center_2018_09_27_02_12_13_297.jpg,/home/workspace/CarND-Behavioral-Cloning-P3/image_write/IMG/left_2018_09_27_02_12_13_297.jpg,/home/workspace/CarND-Behavioral-Cloning-P3/image_write/IMG/right_2018_09_27_02_12_13_297.jpg,0,0,0,5.563487E-06
/home/workspace/CarND-Behavioral-Cloning-P3/image_write/IMG/center_2018_09_27_02_12_13_367.jpg,/home/workspace/CarND-Behavioral-Cloning-P3/image_write/IMG/left_2018_09_27_02_12_13_367.jpg,/home/workspace/CarND-Behavioral-Cloning-P3/image_write/IMG/right_2018_09_27_02_12_13_367.jpg,0,0.03408909,0,0.04097726
/home/workspace/CarND-Behavioral-Cloning-P3/image_write/IMG/center_2018_09_27_02_12_13_443.jpg,/home/workspace/CarND-Behavioral-Cloning-P3/image_write/IMG/left_2018_09_27_02_12_13_443.jpg,/home/workspace/CarND-Behavioral-Cloning-P3/image_write/IMG/right_2018_09_27_02_12_13_443.jpg,0,0.2638171,0,0.1932311
/home/workspace/CarND-Behavioral-Cloning-P3/image_write/IMG/center_2018_09_27_02_12_13_516.jpg,/home/workspace/CarND-Behavioral-Cloning-P3/image_write/IMG/left_2018_09_27_02_12_13_516.jpg,/home/workspace/CarND-Behavioral-Cloning-P3/image_write/IMG/right_2018_09_27_02_12_13_516.jpg,0,0.1309891,0,0.2966591
/home/workspace/CarND-Behavioral-Cloning-P3/image_write/IMG/center_2018_09_27_02_12_13_589.jpg,/home/workspace/CarND-Behavioral-Cloning-P3/image_write/IMG/left_2018_09_27_02_12_13_589.jpg,/home/workspace/CarND-Behavioral-Cloning-P3/image_write/IMG/right_2018_09_27_02_12_13_589.jpg,0,0,0,0.3277786
/home/workspace/CarND-Behavioral-Cloning-P3/image_write/IMG/center_2018_09_27_02_12_13_660.jpg,/home/workspace/CarND-Behavioral-Cloning-P3/image_write/IMG/left_2018_09_27_02_12_13_660.jpg,/home/workspace/CarND-Behavioral-Cloning-P3/image_write/IMG/right_2018_09_27_02_12_13_660.jpg,0,0,0,0.3255797
/home/workspace/CarND-Behavioral-Cloning-P3/image_write/IMG/center_2018_09_27_02_12_13_732.jpg,/home/workspace/CarND-Behavioral-Cloning-P3/image_write/IMG/left_2018_09_27_02_12_13_732.jpg,/home/workspace/CarND-Behavioral-Cloning-P3/image_write/IMG/right_2018_09_27_02_12_13_732.jpg,0,0,0,0.3226667
/home/workspace/CarND-Behavioral-Cloning-P3/image_write/IMG/center_2018_09_27_02_12_13_802.jpg,/home/workspace/CarND-Behavioral-Cloning-P3/image_write/IMG/left_2018_09_27_02_12_13_802.jpg,/home/workspace/CarND-Behavioral-Cloning-P3/image_write/IMG/right_2018_09_27_02_12_13_802.jpg,0,0,0,0.3204975
/home/workspace/CarND-Behavioral-Cloning-P3/image_write/IMG/center_2018_09_27_02_12_13_873.jpg,/home/workspace/CarND-Behavioral-Cloning-P3/image_write/IMG/left_2018_09_27_02_12_13_873.jpg,/home/workspace/CarND-Behavioral-Cloning-P3/image_write/IMG/right_2018_09_27_02_12_13_873.jpg,0,0,0,0.3176259
/home/workspace/CarND-Behavioral-Cloning-P3/image_write/IMG/center_2018_09_27_02_12_13_942.jpg,/home/workspace/CarND-Behavioral-Cloning-P3/image_write/IMG/left_2018_09_27_02_12_13_942.jpg,/home/workspace/CarND-Behavioral-Cloning-P3/image_write/IMG/right_2018_09_27_02_12_13_942.jpg,0,0,0,0.3154873
/home/workspace/CarND-Behavioral-Cloning-P3/image_write/IMG/center_2018_09_27_02_12_14_013.jpg,/home/workspace/CarND-Behavioral-Cloning-P3/image_write/IMG/left_2018_09_27_02_12_14_013.jpg,/home/workspace/CarND-Behavioral-Cloning-P3/image_write/IMG/right_2018_09_27_02_12_14_013.jpg,0,0,0,0.312656
/home/workspace/CarND-Behavioral-Cloning-P3/image_write/IMG/center_2018_09_27_02_12_14_087.jpg,/home/workspace/CarND-Behavioral-Cloning-P3/image_write/IMG/left_2018_09_27_02_12_14_087.jpg,/home/workspace/CarND-Behavioral-Cloning-P3/image_write/IMG/right_2018_09_27_02_12_14_087.jpg,0,0,0,0.3100029
/home/workspace/CarND-Behavioral-Cloning-P3/image_write/IMG/center_2018_09_27_02_12_14_159.jpg,/home/workspace/CarND-Behavioral-Cloning-P3/image_write/IMG/left_2018_09_27_02_12_14_159.jpg,/home/workspace/CarND-Behavioral-Cloning-P3/image_write/IMG/right_2018_09_27_02_12_14_159.jpg,0,0,0,0.3081385
/home/workspace/CarND-Behavioral-Cloning-P3/image_write/IMG/center_2018_09_27_02_12_14_232.jpg,/home/workspace/CarND-Behavioral-Cloning-P3/image_write/IMG/left_2018_09_27_02_12_14_232.jpg,/home/workspace/CarND-Behavioral-Cloning-P3/image_write/IMG/right_2018_09_27_02_12_14_232.jpg,0,0,0,0.30567
/home/workspace/CarND-Behavioral-Cloning-P3/image_write/IMG/center_2018_09_27_02_12_14_305.jpg,/home/workspace/CarND-Behavioral-Cloning-P3/image_write/IMG/left_2018_09_27_02_12_14_305.jpg,/home/workspace/CarND-Behavioral-Cloning-P3/image_write/IMG/right_2018_09_27_02_12_14_305.jpg,0.2,0,0,0.3027756
/home/workspace/CarND-Behavioral-Cloning-P3/image_write/IMG/center_2018_09_27_02_12_14_376.jpg,/home/workspace/CarND-Behavioral-Cloning-P3/image_write/IMG/left_2018_09_27_02_12_14_376.jpg,/home/workspace/CarND-Behavioral-Cloning-P3/image_write/IMG/right_2018_09_27_02_12_14_376.jpg,0.2602715,0,0,0.300515
/home/workspace/CarND-Behavioral-Cloning-P3/image_write/IMG/center_2018_09_27_02_12_14_450.jpg,/home/workspace/CarND-Behavioral-Cloning-P3/image_write/IMG/left_2018_09_27_02_12_14_450.jpg,/home/workspace/CarND-Behavioral-Cloning-P3/image_write/IMG/right_2018_09_27_02_12_14_450.jpg,0.1155653,0,0,0.2982183
/home/workspace/CarND-Behavioral-Cloning-P3/image_write/IMG/center_2018_09_27_02_12_14_519.jpg,/home/workspace/CarND-Behavioral-Cloning-P3/image_write/IMG/left_2018_09_27_02_12_14_519.jpg,/home/workspace/CarND-Behavioral-Cloning-P3/image_write/IMG/right_2018_09_27_02_12_14_519.jpg,0.2655653,0,0,0.2959345
/home/workspace/CarND-Behavioral-Cloning-P3/image_write/IMG/center_2018_09_27_02_12_14_589.jpg,/home/workspace/CarND-Behavioral-Cloning-P3/image_write/IMG/left_2018_09_27_02_12_14_589.jpg,/home/workspace/CarND-Behavioral-Cloning-P3/image_write/IMG/right_2018_09_27_02_12_14_589.jpg,0.1826334,0,0,0.0005171424
/home/workspace/CarND-Behavioral-Cloning-P3/image_write/IMG/center_2018_09_27_02_12_14_660.jpg,/home/workspace/CarND-Behavioral-Cloning-P3/image_write/IMG/left_2018_09_27_02_12_14_660.jpg,/home/workspace/CarND-Behavioral-Cloning-P3/image_write/IMG/right_2018_09_27_02_12_14_660.jpg,0.02177668,0,0,0.0009043685
/home/workspace/CarND-Behavioral-Cloning-P3/image_write/IMG/center_2018_09_27_02_12_14_732.jpg,/home/workspace/CarND-Behavioral-Cloning-P3/image_write/IMG/left_2018_09_27_02_12_14_732.jpg,/home/workspace/CarND-Behavioral-Cloning-P3/image_write/IMG/right_2018_09_27_02_12_14_732.jpg,0.2217767,0,0,0.0008606759
/home/workspace/CarND-Behavioral-Cloning-P3/image_write/IMG/center_2018_09_27_02_12_14_801.jpg,/home/workspace/CarND-Behavioral-Cloning-P3/image_write/IMG/left_2018_09_27_02_12_14_801.jpg,/home/workspace/CarND-Behavioral-Cloning-P3/image_write/IMG/right_2018_09_27_02_12_14_801.jpg,0.2364786,0,0,0.0006203919
/home/workspace/CarND-Behavioral-Cloning-P3/image_write/IMG/center_2018_09_27_02_12_14_874.jpg,/home/workspace/CarND-Behavioral-Cloning-P3/image_write/IMG/left_2018_09_27_02_12_14_874.jpg,/home/workspace/CarND-Behavioral-Cloning-P3/image_write/IMG/right_2018_09_27_02_12_14_874.jpg,0.09636216,0,0,0.0003184325
/home/workspace/CarND-Behavioral-Cloning-P3/image_write/IMG/center_2018_09_27_02_12_14_947.jpg,/home/workspace/CarND-Behavioral-Cloning-P3/image_write/IMG/left_2018_09_27_02_12_14_947.jpg,/home/workspace/CarND-Behavioral-Cloning-P3/image_write/IMG/right_2018_09_27_02_12_14_947.jpg,0.2870193,0,0,9.572994E-05
/home/workspace/CarND-Behavioral-Cloning-P3/image_write/IMG/center_2018_09_27_02_12_15_020.jpg,/home/workspace/CarND-Behavioral-Cloning-P3/image_write/IMG/left_2018_09_27_02_12_15_020.jpg,/home/workspace/CarND-Behavioral-Cloning-P3/image_write/IMG/right_2018_09_27_02_12_15_020.jpg,0.1205943,0,0,2.016786E-06
/home/workspace/CarND-Behavioral-Cloning-P3/image_write/IMG/center_2018_09_27_02_12_15_092.jpg,/home/workspace/CarND-Behavioral-Cloning-P3/image_write/IMG/left_2018_09_27_02_12_15_092.jpg,/home/workspace/CarND-Behavioral-Cloning-P3/image_write/IMG/right_2018_09_27_02_12_15_092.jpg,0.1922344,0,0,1.221489E-05
/home/workspace/CarND-Behavioral-Cloning-P3/image_write/IMG/center_2018_09_27_02_12_15_164.jpg,/home/workspace/CarND-Behavioral-Cloning-P3/image_write/IMG/left_2018_09_27_02_12_15_164.jpg,/home/workspace/CarND-Behavioral-Cloning-P3/image_write/IMG/right_2018_09_27_02_12_15_164.jpg,0.3922344,0,0,3.958368E-05
/home/workspace/CarND-Behavioral-Cloning-P3/image_write/IMG/center_2018_09_27_02_12_15_236.jpg,/home/workspace/CarND-Behavioral-Cloning-P3/image_write/IMG/left_2018_09_27_02_12_15_236.jpg,/home/workspace/CarND-Behavioral-Cloning-P3/image_write/IMG/right_2018_09_27_02_12_15_236.jpg,0.5422345,0,0,3.083745E-06
/home/workspace/CarND-Behavioral-Cloning-P3/image_write/IMG/center_2018_09_27_02_12_15_311.jpg,/home/workspace/CarND-Behavioral-Cloning-P3/image_write/IMG/left_2018_09_27_02_12_15_311.jpg,/home/workspace/CarND-Behavioral-Cloning-P3/image_write/IMG/right_2018_09_27_02_12_15_311.jpg,0.7422345,0,0,9.346124E-06
/home/workspace/CarND-Behavioral-Cloning-P3/image_write/IMG/center_2018_09_27_02_12_15_386.jpg,/home/workspace/CarND-Behavioral-Cloning-P3/image_write/IMG/left_2018_09_27_02_12_15_386.jpg,/home/workspace/CarND-Behavioral-Cloning-P3/image_write/IMG/right_2018_09_27_02_12_15_386.jpg,0.9422346,0,0,3.324657E-06
/home/workspace/CarND-Behavioral-Cloning-P3/image_write/IMG/center_2018_09_27_02_12_15_456.jpg,/home/workspace/CarND-Behavioral-Cloning-P3/image_write/IMG/left_2018_09_27_02_12_15_456.jpg,/home/workspace/CarND-Behavioral-Cloning-P3/image_write/IMG/right_2018_09_27_02_12_15_456.jpg,1,0,0,1.397961E-06
/home/workspace/CarND-Behavioral-Cloning-P3/image_write/IMG/center_2018_09_27_02_12_15_524.jpg,/home/workspace/CarND-Behavioral-Cloning-P3/image_write/IMG/left_2018_09_27_02_12_15_524.jpg,/home/workspace/CarND-Behavioral-Cloning-P3/image_write/IMG/right_2018_09_27_02_12_15_524.jpg,0.798094,0,0,4.394402E-06
/home/workspace/CarND-Behavioral-Cloning-P3/image_write/IMG/center_2018_09_27_02_12_15_593.jpg,/home/workspace/CarND-Behavioral-Cloning-P3/image_write/IMG/left_2018_09_27_02_12_15_593.jpg,/home/workspace/CarND-Behavioral-Cloning-P3/image_write/IMG/right_2018_09_27_02_12_15_593.jpg,0.6155171,0,0,3.92849E-06
/home/workspace/CarND-Behavioral-Cloning-P3/image_write/IMG/center_2018_09_27_02_12_15_666.jpg,/home/workspace/CarND-Behavioral-Cloning-P3/image_write/IMG/left_2018_09_27_02_12_15_666.jpg,/home/workspace/CarND-Behavioral-Cloning-P3/image_write/IMG/right_2018_09_27_02_12_15_666.jpg,0.3727808,0,0,5.087073E-07
/home/workspace/CarND-Behavioral-Cloning-P3/image_write/IMG/center_2018_09_27_02_12_15_737.jpg,/home/workspace/CarND-Behavioral-Cloning-P3/image_write/IMG/left_2018_09_27_02_12_15_737.jpg,/home/workspace/CarND-Behavioral-Cloning-P3/image_write/IMG/right_2018_09_27_02_12_15_737.jpg,0.1826079,0,0,4.543138E-06
/home/workspace/CarND-Behavioral-Cloning-P3/image_write/IMG/center_2018_09_27_02_12_15_810.jpg,/home/workspace/CarND-Behavioral-Cloning-P3/image_write/IMG/left_2018_09_27_02_12_15_810.jpg,/home/workspace/CarND-Behavioral-Cloning-P3/image_write/IMG/right_2018_09_27_02_12_15_810.jpg,0,0,0,2.218173E-06
/home/workspace/CarND-Behavioral-Cloning-P3/image_write/IMG/center_2018_09_27_02_12_15_884.jpg,/home/workspace/CarND-Behavioral-Cloning-P3/image_write/IMG/left_2018_09_27_02_12_15_884.jpg,/home/workspace/CarND-Behavioral-Cloning-P3/image_write/IMG/right_2018_09_27_02_12_15_884.jpg,0,0,0,5.681078E-06
/home/workspace/CarND-Behavioral-Cloning-P3/image_write/IMG/center_2018_09_27_02_12_15_956.jpg,/home/workspace/CarND-Behavioral-Cloning-P3/image_write/IMG/left_2018_09_27_02_12_15_956.jpg,/home/workspace/CarND-Behavioral-Cloning-P3/image_write/IMG/right_2018_09_27_02_12_15_956.jpg,0,0,0,8.567256E-07
/home/workspace/CarND-Behavioral-Cloning-P3/image_write/IMG/center_2018_09_27_02_12_16_026.jpg,/home/workspace/CarND-Behavioral-Cloning-P3/image_write/IMG/left_2018_09_27_02_12_16_026.jpg,/home/workspace/CarND-Behavioral-Cloning-P3/image_write/IMG/right_2018_09_27_02_12_16_026.jpg,0,0.1327922,0,0.03537634
/home/workspace/CarND-Behavioral-Cloning-P3/image_write/IMG/center_2018_09_27_02_12_16_099.jpg,/home/workspace/CarND-Behavioral-Cloning-P3/image_write/IMG/left_2018_09_27_02_12_16_099.jpg,/home/workspace/CarND-Behavioral-Cloning-P3/image_write/IMG/right_2018_09_27_02_12_16_099.jpg,0,0.3281314,0,0.2713113
/home/workspace/CarND-Behavioral-Cloning-P3/image_write/IMG/center_2018_09_27_02_12_16_172.jpg,/home/workspace/CarND-Behavioral-Cloning-P3/image_write/IMG/left_2018_09_27_02_12_16_172.jpg,/home/workspace/CarND-Behavioral-Cloning-P3/image_write/IMG/right_2018_09_27_02_12_16_172.jpg,0,0.5472243,0,0.6427634
/home/workspace/CarND-Behavioral-Cloning-P3/image_write/IMG/center_2018_09_27_02_12_16_246.jpg,/home/workspace/CarND-Behavioral-Cloning-P3/image_write/IMG/left_2018_09_27_02_12_16_246.jpg,/home/workspace/CarND-Behavioral-Cloning-P3/image_write/IMG/right_2018_09_27_02_12_16_246.jpg,0.05,0.3024337,0,1.056875
/home/workspace/CarND-Behavioral-Cloning-P3/image_write/IMG/center_2018_09_27_02_12_16_317.jpg,/home/workspace/CarND-Behavioral-Cloning-P3/image_write/IMG/left_2018_09_27_02_12_16_317.jpg,/home/workspace/CarND-Behavioral-Cloning-P3/image_write/IMG/right_2018_09_27_02_12_16_317.jpg,0.2,0.1118016,0,1.163657
/home/workspace/CarND-Behavioral-Cloning-P3/image_write/IMG/center_2018_09_27_02_12_16_394.jpg,/home/workspace/CarND-Behavioral-Cloning-P3/image_write/IMG/left_2018_09_27_02_12_16_394.jpg,/home/workspace/CarND-Behavioral-Cloning-P3/image_write/IMG/right_2018_09_27_02_12_16_394.jpg,0.4,0,0,1.179602
/home/workspace/CarND-Behavioral-Cloning-P3/image_write/IMG/center_2018_09_27_02_12_16_466.jpg,/home/workspace/CarND-Behavioral-Cloning-P3/image_write/IMG/left_2018_09_27_02_12_16_466.jpg,/home/workspace/CarND-Behavioral-Cloning-P3/image_write/IMG/right_2018_09_27_02_12_16_466.jpg,0.2158592,0,0,1.17106
/home/workspace/CarND-Behavioral-Cloning-P3/image_write/IMG/center_2018_09_27_02_12_16_539.jpg,/home/workspace/CarND-Behavioral-Cloning-P3/image_write/IMG/left_2018_09_27_02_12_16_539.jpg,/home/workspace/CarND-Behavioral-Cloning-P3/image_write/IMG/right_2018_09_27_02_12_16_539.jpg,0.3658592,0,0,1.162175
/home/workspace/CarND-Behavioral-Cloning-P3/image_write/IMG/center_2018_09_27_02_12_16_610.jpg,/home/workspace/CarND-Behavioral-Cloning-P3/image_write/IMG/left_2018_09_27_02_12_16_610.jpg,/home/workspace/CarND-Behavioral-Cloning-P3/image_write/IMG/right_2018_09_27_02_12_16_610.jpg,0.5658593,0,0,1.146713
/home/workspace/CarND-Behavioral-Cloning-P3/image_write/IMG/center_2018_09_27_02_12_16_683.jpg,/home/workspace/CarND-Behavioral-Cloning-P3/image_write/IMG/left_2018_09_27_02_12_16_683.jpg,/home/workspace/CarND-Behavioral-Cloning-P3/image_write/IMG/right_2018_09_27_02_12_16_683.jpg,0.3777008,0,0,1.139407
/home/workspace/CarND-Behavioral-Cloning-P3/image_write/IMG/center_2018_09_27_02_12_16_756.jpg,/home/workspace/CarND-Behavioral-Cloning-P3/image_write/IMG/left_2018_09_27_02_12_16_756.jpg,/home/workspace/CarND-Behavioral-Cloning-P3/image_write/IMG/right_2018_09_27_02_12_16_756.jpg,0.4165343,0,0,1.132102
/home/workspace/CarND-Behavioral-Cloning-P3/image_write/IMG/center_2018_09_27_02_12_16_824.jpg,/home/workspace/CarND-Behavioral-Cloning-P3/image_write/IMG/left_2018_09_27_02_12_16_824.jpg,/home/workspace/CarND-Behavioral-Cloning-P3/image_write/IMG/right_2018_09_27_02_12_16_824.jpg,0.6165344,0,0,1.116518
/home/workspace/CarND-Behavioral-Cloning-P3/image_write/IMG/center_2018_09_27_02_12_16_891.jpg,/home/workspace/CarND-Behavioral-Cloning-P3/image_write/IMG/left_2018_09_27_02_12_16_891.jpg,/home/workspace/CarND-Behavioral-Cloning-P3/image_write/IMG/right_2018_09_27_02_12_16_891.jpg,0.5326967,0,0,1.10891
/home/workspace/CarND-Behavioral-Cloning-P3/image_write/IMG/center_2018_09_27_02_12_16_965.jpg,/home/workspace/CarND-Behavioral-Cloning-P3/image_write/IMG/left_2018_09_27_02_12_16_965.jpg,/home/workspace/CarND-Behavioral-Cloning-P3/image_write/IMG/right_2018_09_27_02_12_16_965.jpg,0.5185019,0,0,1.100311
/home/workspace/CarND-Behavioral-Cloning-P3/image_write/IMG/center_2018_09_27_02_12_17_037.jpg,/home/workspace/CarND-Behavioral-Cloning-P3/image_write/IMG/left_2018_09_27_02_12_17_037.jpg,/home/workspace/CarND-Behavioral-Cloning-P3/image_write/IMG/right_2018_09_27_02_12_17_037.jpg,0.6685019,0,0,1.08815
/home/workspace/CarND-Behavioral-Cloning-P3/image_write/IMG/center_2018_09_27_02_12_17_111.jpg,/home/workspace/CarND-Behavioral-Cloning-P3/image_write/IMG/left_2018_09_27_02_12_17_111.jpg,/home/workspace/CarND-Behavioral-Cloning-P3/image_write/IMG/right_2018_09_27_02_12_17_111.jpg,0.8839309,0,0,1.067621
/home/workspace/CarND-Behavioral-Cloning-P3/image_write/IMG/center_2018_09_27_02_12_17_184.jpg,/home/workspace/CarND-Behavioral-Cloning-P3/image_write/IMG/left_2018_09_27_02_12_17_184.jpg,/home/workspace/CarND-Behavioral-Cloning-P3/image_write/IMG/right_2018_09_27_02_12_17_184.jpg,0.6376219,0,0,1.061903
/home/workspace/CarND-Behavioral-Cloning-P3/image_write/IMG/center_2018_09_27_02_12_17_255.jpg,/home/workspace/CarND-Behavioral-Cloning-P3/image_write/IMG/left_2018_09_27_02_12_17_255.jpg,/home/workspace/CarND-Behavioral-Cloning-P3/image_write/IMG/right_2018_09_27_02_12_17_255.jpg,0.7876219,0,0,1.050352
/home/workspace/CarND-Behavioral-Cloning-P3/image_write/IMG/center_2018_09_27_02_12_17_331.jpg,/home/workspace/CarND-Behavioral-Cloning-P3/image_write/IMG/left_2018_09_27_02_12_17_331.jpg,/home/workspace/CarND-Behavioral-Cloning-P3/image_write/IMG/right_2018_09_27_02_12_17_331.jpg,0.987622,0,0,1.02799
/home/workspace/CarND-Behavioral-Cloning-P3/image_write/IMG/center_2018_09_27_02_12_17_398.jpg,/home/workspace/CarND-Behavioral-Cloning-P3/image_write/IMG/left_2018_09_27_02_12_17_398.jpg,/home/workspace/CarND-Behavioral-Cloning-P3/image_write/IMG/right_2018_09_27_02_12_17_398.jpg,0.9138997,0,0,1.017584
/home/workspace/CarND-Behavioral-Cloning-P3/image_write/IMG/center_2018_09_27_02_12_17_467.jpg,/home/workspace/CarND-Behavioral-Cloning-P3/image_write/IMG/left_2018_09_27_02_12_17_467.jpg,/home/workspace/CarND-Behavioral-Cloning-P3/image_write/IMG/right_2018_09_27_02_12_17_467.jpg,0.9018434,0,0,1.006527
/home/workspace/CarND-Behavioral-Cloning-P3/image_write/IMG/center_2018_09_27_02_12_17_537.jpg,/home/workspace/CarND-Behavioral-Cloning-P3/image_write/IMG/left_2018_09_27_02_12_17_537.jpg,/home/workspace/CarND-Behavioral-Cloning-P3/image_write/IMG/right_2018_09_27_02_12_17_537.jpg,1,0,0,0.99051
/home/workspace/CarND-Behavioral-Cloning-P3/image_write/IMG/center_2018_09_27_02_12_17_608.jpg,/home/workspace/CarND-Behavioral-Cloning-P3/image_write/IMG/left_2018_09_27_02_12_17_608.jpg,/home/workspace/CarND-Behavioral-Cloning-P3/image_write/IMG/right_2018_09_27_02_12_17_608.jpg,0.898762,0,0,0.9781074
/home/workspace/CarND-Behavioral-Cloning-P3/image_write/IMG/center_2018_09_27_02_12_17_681.jpg,/home/workspace/CarND-Behavioral-Cloning-P3/image_write/IMG/left_2018_09_27_02_12_17_681.jpg,/home/workspace/CarND-Behavioral-Cloning-P3/image_write/IMG/right_2018_09_27_02_12_17_681.jpg,0.9478666,0,0,0.9669849
/home/workspace/CarND-Behavioral-Cloning-P3/image_write/IMG/center_2018_09_27_02_12_17_758.jpg,/home/workspace/CarND-Behavioral-Cloning-P3/image_write/IMG/left_2018_09_27_02_12_17_758.jpg,/home/workspace/CarND-Behavioral-Cloning-P3/image_write/IMG/right_2018_09_27_02_12_17_758.jpg,1,0,0,0.947379
/home/workspace/CarND-Behavioral-Cloning-P3/image_write/IMG/center_2018_09_27_02_12_17_833.jpg,/home/workspace/CarND-Behavioral-Cloning-P3/image_write/IMG/left_2018_09_27_02_12_17_833.jpg,/home/workspace/CarND-Behavioral-Cloning-P3/image_write/IMG/right_2018_09_27_02_12_17_833.jpg,0.8100967,0,0,0.9375308
/home/workspace/CarND-Behavioral-Cloning-P3/image_write/IMG/center_2018_09_27_02_12_17_900.jpg,/home/workspace/CarND-Behavioral-Cloning-P3/image_write/IMG/left_2018_09_27_02_12_17_900.jpg,/home/workspace/CarND-Behavioral-Cloning-P3/image_write/IMG/right_2018_09_27_02_12_17_900.jpg,0.6586656,0,0,0.9327145
/home/workspace/CarND-Behavioral-Cloning-P3/image_write/IMG/center_2018_09_27_02_12_17_973.jpg,/home/workspace/CarND-Behavioral-Cloning-P3/image_write/IMG/left_2018_09_27_02_12_17_973.jpg,/home/workspace/CarND-Behavioral-Cloning-P3/image_write/IMG/right_2018_09_27_02_12_17_973.jpg,0.8586657,0,0,0.9140012
/home/workspace/CarND-Behavioral-Cloning-P3/image_write/IMG/center_2018_09_27_02_12_18_048.jpg,/home/workspace/CarND-Behavioral-Cloning-P3/image_write/IMG/left_2018_09_27_02_12_18_048.jpg,/home/workspace/CarND-Behavioral-Cloning-P3/image_write/IMG/right_2018_09_27_02_12_18_048.jpg,1,0,0,0.8903195
/home/workspace/CarND-Behavioral-Cloning-P3/image_write/IMG/center_2018_09_27_02_12_18_123.jpg,/home/workspace/CarND-Behavioral-Cloning-P3/image_write/IMG/left_2018_09_27_02_12_18_123.jpg,/home/workspace/CarND-Behavioral-Cloning-P3/image_write/IMG/right_2018_09_27_02_12_18_123.jpg,1,0,0,0.8719694
/home/workspace/CarND-Behavioral-Cloning-P3/image_write/IMG/center_2018_09_27_02_12_18_195.jpg,/home/workspace/CarND-Behavioral-Cloning-P3/image_write/IMG/left_2018_09_27_02_12_18_195.jpg,/home/workspace/CarND-Behavioral-Cloning-P3/image_write/IMG/right_2018_09_27_02_12_18_195.jpg,1,0,0,0.8585555
/home/workspace/CarND-Behavioral-Cloning-P3/image_write/IMG/center_2018_09_27_02_12_18_264.jpg,/home/workspace/CarND-Behavioral-Cloning-P3/image_write/IMG/left_2018_09_27_02_12_18_264.jpg,/home/workspace/CarND-Behavioral-Cloning-P3/image_write/IMG/right_2018_09_27_02_12_18_264.jpg,1,0,0,0.8408744
/home/workspace/CarND-Behavioral-Cloning-P3/image_write/IMG/center_2018_09_27_02_12_18_335.jpg,/home/workspace/CarND-Behavioral-Cloning-P3/image_write/IMG/left_2018_09_27_02_12_18_335.jpg,/home/workspace/CarND-Behavioral-Cloning-P3/image_write/IMG/right_2018_09_27_02_12_18_335.jpg,1,0,0,0.8277582
/home/workspace/CarND-Behavioral-Cloning-P3/image_write/IMG/center_2018_09_27_02_12_18_405.jpg,/home/workspace/CarND-Behavioral-Cloning-P3/image_write/IMG/left_2018_09_27_02_12_18_405.jpg,/home/workspace/CarND-Behavioral-Cloning-P3/image_write/IMG/right_2018_09_27_02_12_18_405.jpg,0.9408883,0,0,0.8120441
/home/workspace/CarND-Behavioral-Cloning-P3/image_write/IMG/center_2018_09_27_02_12_18_472.jpg,/home/workspace/CarND-Behavioral-Cloning-P3/image_write/IMG/left_2018_09_27_02_12_18_472.jpg,/home/workspace/CarND-Behavioral-Cloning-P3/image_write/IMG/right_2018_09_27_02_12_18_472.jpg,0.7626703,0.07414842,0,0.84374
/home/workspace/CarND-Behavioral-Cloning-P3/image_write/IMG/center_2018_09_27_02_12_18_543.jpg,/home/workspace/CarND-Behavioral-Cloning-P3/image_write/IMG/left_2018_09_27_02_12_18_543.jpg,/home/workspace/CarND-Behavioral-Cloning-P3/image_write/IMG/right_2018_09_27_02_12_18_543.jpg,0.5260901,0,0,0.8556428
/home/workspace/CarND-Behavioral-Cloning-P3/image_write/IMG/center_2018_09_27_02_12_18_613.jpg,/home/workspace/CarND-Behavioral-Cloning-P3/image_write/IMG/left_2018_09_27_02_12_18_613.jpg,/home/workspace/CarND-Behavioral-Cloning-P3/image_write/IMG/right_2018_09_27_02_12_18_613.jpg,0.3428531,0,0,0.850705
/home/workspace/CarND-Behavioral-Cloning-P3/image_write/IMG/center_2018_09_27_02_12_18_682.jpg,/home/workspace/CarND-Behavioral-Cloning-P3/image_write/IMG/left_2018_09_27_02_12_18_682.jpg,/home/workspace/CarND-Behavioral-Cloning-P3/image_write/IMG/right_2018_09_27_02_12_18_682.jpg,0.1087034,0,0,0.8432818
/home/workspace/CarND-Behavioral-Cloning-P3/image_write/IMG/center_2018_09_27_02_12_18_752.jpg,/home/workspace/CarND-Behavioral-Cloning-P3/image_write/IMG/left_2018_09_27_02_12_18_752.jpg,/home/workspace/CarND-Behavioral-Cloning-P3/image_write/IMG/right_2018_09_27_02_12_18_752.jpg,0,0,0,0.8371516
/home/workspace/CarND-Behavioral-Cloning-P3/image_write/IMG/center_2018_09_27_02_12_18_827.jpg,/home/workspace/CarND-Behavioral-Cloning-P3/image_write/IMG/left_2018_09_27_02_12_18_827.jpg,/home/workspace/CarND-Behavioral-Cloning-P3/image_write/IMG/right_2018_09_27_02_12_18_827.jpg,0,0.1253607,0,0.8663632
/home/workspace/CarND-Behavioral-Cloning-P3/image_write/IMG/center_2018_09_27_02_12_18_896.jpg,/home/workspace/CarND-Behavioral-Cloning-P3/image_write/IMG/left_2018_09_27_02_12_18_896.jpg,/home/workspace/CarND-Behavioral-Cloning-P3/image_write/IMG/right_2018_09_27_02_12_18_896.jpg,0,0.3095548,0,1.04168
/home/workspace/CarND-Behavioral-Cloning-P3/image_write/IMG/center_2018_09_27_02_12_18_967.jpg,/home/workspace/CarND-Behavioral-Cloning-P3/image_write/IMG/left_2018_09_27_02_12_18_967.jpg,/home/workspace/CarND-Behavioral-Cloning-P3/image_write/IMG/right_2018_09_27_02_12_18_967.jpg,0,0.2292538,0,1.331254
/home/workspace/CarND-Behavioral-Cloning-P3/image_write/IMG/center_2018_09_27_02_12_19_036.jpg,/home/workspace/CarND-Behavioral-Cloning-P3/image_write/IMG/left_2018_09_27_02_12_19_036.jpg,/home/workspace/CarND-Behavioral-Cloning-P3/image_write/IMG/right_2018_09_27_02_12_19_036.jpg,0,0.04550672,0,1.402363
/home/workspace/CarND-Behavioral-Cloning-P3/image_write/IMG/center_2018_09_27_02_12_19_115.jpg,/home/workspace/CarND-Behavioral-Cloning-P3/image_write/IMG/left_2018_09_27_02_12_19_115.jpg,/home/workspace/CarND-Behavioral-Cloning-P3/image_write/IMG/right_2018_09_27_02_12_19_115.jpg,0,0.2097087,0,1.495181
/home/workspace/CarND-Behavioral-Cloning-P3/image_write/IMG/center_2018_09_27_02_12_19_187.jpg,/home/workspace/CarND-Behavioral-Cloning-P3/image_write/IMG/left_2018_09_27_02_12_19_187.jpg,/home/workspace/CarND-Behavioral-Cloning-P3/image_write/IMG/right_2018_09_27_02_12_19_187.jpg,0,0.3556116,0,1.776507
/home/workspace/CarND-Behavioral-Cloning-P3/image_write/IMG/center_2018_09_27_02_12_19_256.jpg,/home/workspace/CarND-Behavioral-Cloning-P3/image_write/IMG/left_2018_09_27_02_12_19_256.jpg,/home/workspace/CarND-Behavioral-Cloning-P3/image_write/IMG/right_2018_09_27_02_12_19_256.jpg,0,0.1799011,0,1.948398
/home/workspace/CarND-Behavioral-Cloning-P3/image_write/IMG/center_2018_09_27_02_12_19_324.jpg,/home/workspace/CarND-Behavioral-Cloning-P3/image_write/IMG/left_2018_09_27_02_12_19_324.jpg,/home/workspace/CarND-Behavioral-Cloning-P3/image_write/IMG/right_2018_09_27_02_12_19_324.jpg,0,0,0,1.974468
/home/workspace/CarND-Behavioral-Cloning-P3/image_write/IMG/center_2018_09_27_02_12_19_394.jpg,/home/workspace/CarND-Behavioral-Cloning-P3/image_write/IMG/left_2018_09_27_02_12_19_394.jpg,/home/workspace/CarND-Behavioral-Cloning-P3/image_write/IMG/right_2018_09_27_02_12_19_394.jpg,0,0,0,1.961709
/home/workspace/CarND-Behavioral-Cloning-P3/image_write/IMG/center_2018_09_27_02_12_19_466.jpg,/home/workspace/CarND-Behavioral-Cloning-P3/image_write/IMG/left_2018_09_27_02_12_19_466.jpg,/home/workspace/CarND-Behavioral-Cloning-P3/image_write/IMG/right_2018_09_27_02_12_19_466.jpg,0.1,0,0,1.94384
/home/workspace/CarND-Behavioral-Cloning-P3/image_write/IMG/center_2018_09_27_02_12_19_535.jpg,/home/workspace/CarND-Behavioral-Cloning-P3/image_write/IMG/left_2018_09_27_02_12_19_535.jpg,/home/workspace/CarND-Behavioral-Cloning-P3/image_write/IMG/right_2018_09_27_02_12_19_535.jpg,0.25,0,0,1.927145
/home/workspace/CarND-Behavioral-Cloning-P3/image_write/IMG/center_2018_09_27_02_12_19_605.jpg,/home/workspace/CarND-Behavioral-Cloning-P3/image_write/IMG/left_2018_09_27_02_12_19_605.jpg,/home/workspace/CarND-Behavioral-Cloning-P3/image_write/IMG/right_2018_09_27_02_12_19_605.jpg,0.247545,0,0,1.906601
/home/workspace/CarND-Behavioral-Cloning-P3/image_write/IMG/center_2018_09_27_02_12_19_674.jpg,/home/workspace/CarND-Behavioral-Cloning-P3/image_write/IMG/left_2018_09_27_02_12_19_674.jpg,/home/workspace/CarND-Behavioral-Cloning-P3/image_write/IMG/right_2018_09_27_02_12_19_674.jpg,0.06296682,0,0,1.894446
/home/workspace/CarND-Behavioral-Cloning-P3/image_write/IMG/center_2018_09_27_02_12_19_744.jpg,/home/workspace/CarND-Behavioral-Cloning-P3/image_write/IMG/left_2018_09_27_02_12_19_744.jpg,/home/workspace/CarND-Behavioral-Cloning-P3/image_write/IMG/right_2018_09_27_02_12_19_744.jpg,0.1,0,0,1.876989
/home/workspace/CarND-Behavioral-Cloning-P3/image_write/IMG/center_2018_09_27_02_12_19_814.jpg,/home/workspace/CarND-Behavioral-Cloning-P3/image_write/IMG/left_2018_09_27_02_12_19_814.jpg,/home/workspace/CarND-Behavioral-Cloning-P3/image_write/IMG/right_2018_09_27_02_12_19_814.jpg,0,0,0,1.864525
/home/workspace/CarND-Behavioral-Cloning-P3/image_write/IMG/center_2018_09_27_02_12_19_884.jpg,/home/workspace/CarND-Behavioral-Cloning-P3/image_write/IMG/left_2018_09_27_02_12_19_884.jpg,/home/workspace/CarND-Behavioral-Cloning-P3/image_write/IMG/right_2018_09_27_02_12_19_884.jpg,0,0,0,1.848358
/home/workspace/CarND-Behavioral-Cloning-P3/image_write/IMG/center_2018_09_27_02_12_19_953.jpg,/home/workspace/CarND-Behavioral-Cloning-P3/image_write/IMG/left_2018_09_27_02_12_19_953.jpg,/home/workspace/CarND-Behavioral-Cloning-P3/image_write/IMG/right_2018_09_27_02_12_19_953.jpg,0,0,0,1.836329
/home/workspace/CarND-Behavioral-Cloning-P3/image_write/IMG/center_2018_09_27_02_12_20_025.jpg,/home/workspace/CarND-Behavioral-Cloning-P3/image_write/IMG/left_2018_09_27_02_12_20_025.jpg,/home/workspace/CarND-Behavioral-Cloning-P3/image_write/IMG/right_2018_09_27_02_12_20_025.jpg,0,0,0,1.820402
/home/workspace/CarND-Behavioral-Cloning-P3/image_write/IMG/center_2018_09_27_02_12_20_096.jpg,/home/workspace/CarND-Behavioral-Cloning-P3/image_write/IMG/left_2018_09_27_02_12_20_096.jpg,/home/workspace/CarND-Behavioral-Cloning-P3/image_write/IMG/right_2018_09_27_02_12_20_096.jpg,0,0,0,1.808542
/home/workspace/CarND-Behavioral-Cloning-P3/image_write/IMG/center_2018_09_27_02_12_20_166.jpg,/home/workspace/CarND-Behavioral-Cloning-P3/image_write/IMG/left_2018_09_27_02_12_20_166.jpg,/home/workspace/CarND-Behavioral-Cloning-P3/image_write/IMG/right_2018_09_27_02_12_20_166.jpg,-0.2,0,0,1.790733
/home/workspace/CarND-Behavioral-Cloning-P3/image_write/IMG/center_2018_09_27_02_12_20_238.jpg,/home/workspace/CarND-Behavioral-Cloning-P3/image_write/IMG/left_2018_09_27_02_12_20_238.jpg,/home/workspace/CarND-Behavioral-Cloning-P3/image_write/IMG/right_2018_09_27_02_12_20_238.jpg,-0.3217349,0,0,1.77598
/home/workspace/CarND-Behavioral-Cloning-P3/image_write/IMG/center_2018_09_27_02_12_20_308.jpg,/home/workspace/CarND-Behavioral-Cloning-P3/image_write/IMG/left_2018_09_27_02_12_20_308.jpg,/home/workspace/CarND-Behavioral-Cloning-P3/image_write/IMG/right_2018_09_27_02_12_20_308.jpg,-0.08850574,0,0,1.761888
/home/workspace/CarND-Behavioral-Cloning-P3/image_write/IMG/center_2018_09_27_02_12_20_376.jpg,/home/workspace/CarND-Behavioral-Cloning-P3/image_write/IMG/left_2018_09_27_02_12_20_376.jpg,/home/workspace/CarND-Behavioral-Cloning-P3/image_write/IMG/right_2018_09_27_02_12_20_376.jpg,-0.05,0,0,1.749919
/home/workspace/CarND-Behavioral-Cloning-P3/image_write/IMG/center_2018_09_27_02_12_20_447.jpg,/home/workspace/CarND-Behavioral-Cloning-P3/image_write/IMG/left_2018_09_27_02_12_20_447.jpg,/home/workspace/CarND-Behavioral-Cloning-P3/image_write/IMG/right_2018_09_27_02_12_20_447.jpg,-0.25,0,0,1.732121
/home/workspace/CarND-Behavioral-Cloning-P3/image_write/IMG/center_2018_09_27_02_12_20_521.jpg,/home/workspace/CarND-Behavioral-Cloning-P3/image_write/IMG/left_2018_09_27_02_12_20_521.jpg,/home/workspace/CarND-Behavioral-Cloning-P3/image_write/IMG/right_2018_09_27_02_12_20_521.jpg,-0.2285307,0,0,1.72006
/home/workspace/CarND-Behavioral-Cloning-P3/image_write/IMG/center_2018_09_27_02_12_20_588.jpg,/home/workspace/CarND-Behavioral-Cloning-P3/image_write/IMG/left_2018_09_27_02_12_20_588.jpg,/home/workspace/CarND-Behavioral-Cloning-P3/image_write/IMG/right_2018_09_27_02_12_20_588.jpg,0,0,0,1.705149
/home/workspace/CarND-Behavioral-Cloning-P3/image_write/IMG/center_2018_09_27_02_12_20_660.jpg,/home/workspace/CarND-Behavioral-Cloning-P3/image_write/IMG/left_2018_09_27_02_12_20_660.jpg,/home/workspace/CarND-Behavioral-Cloning-P3/image_write/IMG/right_2018_09_27_02_12_20_660.jpg,-0.15,0,0,1.693148
/home/workspace/CarND-Behavioral-Cloning-P3/image_write/IMG/center_2018_09_27_02_12_20_731.jpg,/home/workspace/CarND-Behavioral-Cloning-P3/image_write/IMG/left_2018_09_27_02_12_20_731.jpg,/home/workspace/CarND-Behavioral-Cloning-P3/image_write/IMG/right_2018_09_27_02_12_20_731.jpg,0,0,0,1.677651
/home/workspace/CarND-Behavioral-Cloning-P3/image_write/IMG/center_2018_09_27_02_12_20_800.jpg,/home/workspace/CarND-Behavioral-Cloning-P3/image_write/IMG/left_2018_09_27_02_12_20_800.jpg,/home/workspace/CarND-Behavioral-Cloning-P3/image_write/IMG/right_2018_09_27_02_12_20_800.jpg,-0.1,0,0,1.666001
/home/workspace/CarND-Behavioral-Cloning-P3/image_write/IMG/center_2018_09_27_02_12_20_874.jpg,/home/workspace/CarND-Behavioral-Cloning-P3/image_write/IMG/left_2018_09_27_02_12_20_874.jpg,/home/workspace/CarND-Behavioral-Cloning-P3/image_write/IMG/right_2018_09_27_02_12_20_874.jpg,-0.3,0,0,1.647784
/home/workspace/CarND-Behavioral-Cloning-P3/image_write/IMG/center_2018_09_27_02_12_20_944.jpg,/home/workspace/CarND-Behavioral-Cloning-P3/image_write/IMG/left_2018_09_27_02_12_20_944.jpg,/home/workspace/CarND-Behavioral-Cloning-P3/image_write/IMG/right_2018_09_27_02_12_20_944.jpg,-0.1424253,0,0,1.633781
/home/workspace/CarND-Behavioral-Cloning-P3/image_write/IMG/center_2018_09_27_02_12_21_015.jpg,/home/workspace/CarND-Behavioral-Cloning-P3/image_write/IMG/left_2018_09_27_02_12_21_015.jpg,/home/workspace/CarND-Behavioral-Cloning-P3/image_write/IMG/right_2018_09_27_02_12_21_015.jpg,-0.1877232,0,0,1.622618
/home/workspace/CarND-Behavioral-Cloning-P3/image_write/IMG/center_2018_09_27_02_12_21_087.jpg,/home/workspace/CarND-Behavioral-Cloning-P3/image_write/IMG/left_2018_09_27_02_12_21_087.jpg,/home/workspace/CarND-Behavioral-Cloning-P3/image_write/IMG/right_2018_09_27_02_12_21_087.jpg,-0.3877233,0,0,1.604106
/home/workspace/CarND-Behavioral-Cloning-P3/image_write/IMG/center_2018_09_27_02_12_21_158.jpg,/home/workspace/CarND-Behavioral-Cloning-P3/image_write/IMG/left_2018_09_27_02_12_21_158.jpg,/home/workspace/CarND-Behavioral-Cloning-P3/image_write/IMG/right_2018_09_27_02_12_21_158.jpg,-0.2179506,0,0,1.595003
/home/workspace/CarND-Behavioral-Cloning-P3/image_write/IMG/center_2018_09_27_02_12_21_230.jpg,/home/workspace/CarND-Behavioral-Cloning-P3/image_write/IMG/left_2018_09_27_02_12_21_230.jpg,/home/workspace/CarND-Behavioral-Cloning-P3/image_write/IMG/right_2018_09_27_02_12_21_230.jpg,-0.0857871,0,0,1.58082
/home/workspace/CarND-Behavioral-Cloning-P3/image_write/IMG/center_2018_09_27_02_12_21_299.jpg,/home/workspace/CarND-Behavioral-Cloning-P3/image_write/IMG/left_2018_09_27_02_12_21_299.jpg,/home/workspace/CarND-Behavioral-Cloning-P3/image_write/IMG/right_2018_09_27_02_12_21_299.jpg,-0.2357871,0,0,1.568491
/home/workspace/CarND-Behavioral-Cloning-P3/image_write/IMG/center_2018_09_27_02_12_21_369.jpg,/home/workspace/CarND-Behavioral-Cloning-P3/image_write/IMG/left_2018_09_27_02_12_21_369.jpg,/home/workspace/CarND-Behavioral-Cloning-P3/image_write/IMG/right_2018_09_27_02_12_21_369.jpg,0,0,0,1.553989
/home/workspace/CarND-Behavioral-Cloning-P3/image_write/IMG/center_2018_09_27_02_12_21_438.jpg,/home/workspace/CarND-Behavioral-Cloning-P3/image_write/IMG/left_2018_09_27_02_12_21_438.jpg,/home/workspace/CarND-Behavioral-Cloning-P3/image_write/IMG/right_2018_09_27_02_12_21_438.jpg,-0.1,0,0,1.542915
/home/workspace/CarND-Behavioral-Cloning-P3/image_write/IMG/center_2018_09_27_02_12_21_508.jpg,/home/workspace/CarND-Behavioral-Cloning-P3/image_write/IMG/left_2018_09_27_02_12_21_508.jpg,/home/workspace/CarND-Behavioral-Cloning-P3/image_write/IMG/right_2018_09_27_02_12_21_508.jpg,-0.3,0,0,1.525813
/home/workspace/CarND-Behavioral-Cloning-P3/image_write/IMG/center_2018_09_27_02_12_21_577.jpg,/home/workspace/CarND-Behavioral-Cloning-P3/image_write/IMG/left_2018_09_27_02_12_21_577.jpg,/home/workspace/CarND-Behavioral-Cloning-P3/image_write/IMG/right_2018_09_27_02_12_21_577.jpg,-0.45,0,0,1.511487
/home/workspace/CarND-Behavioral-Cloning-P3/image_write/IMG/center_2018_09_27_02_12_21_649.jpg,/home/workspace/CarND-Behavioral-Cloning-P3/image_write/IMG/left_2018_09_27_02_12_21_649.jpg,/home/workspace/CarND-Behavioral-Cloning-P3/image_write/IMG/right_2018_09_27_02_12_21_649.jpg,-0.6500001,0,0,1.490088
/home/workspace/CarND-Behavioral-Cloning-P3/image_write/IMG/center_2018_09_27_02_12_21_717.jpg,/home/workspace/CarND-Behavioral-Cloning-P3/image_write/IMG/left_2018_09_27_02_12_21_717.jpg,/home/workspace/CarND-Behavioral-Cloning-P3/image_write/IMG/right_2018_09_27_02_12_21_717.jpg,-0.8000001,0,0,1.471613
/home/workspace/CarND-Behavioral-Cloning-P3/image_write/IMG/center_2018_09_27_02_12_21_789.jpg,/home/workspace/CarND-Behavioral-Cloning-P3/image_write/IMG/left_2018_09_27_02_12_21_789.jpg,/home/workspace/CarND-Behavioral-Cloning-P3/image_write/IMG/right_2018_09_27_02_12_21_789.jpg,-0.9751356,0,0,1.443268
/home/workspace/CarND-Behavioral-Cloning-P3/image_write/IMG/center_2018_09_27_02_12_21_861.jpg,/home/workspace/CarND-Behavioral-Cloning-P3/image_write/IMG/left_2018_09_27_02_12_21_861.jpg,/home/workspace/CarND-Behavioral-Cloning-P3/image_write/IMG/right_2018_09_27_02_12_21_861.jpg,-0.7856314,0,0,1.436697
/home/workspace/CarND-Behavioral-Cloning-P3/image_write/IMG/center_2018_09_27_02_12_21_928.jpg,/home/workspace/CarND-Behavioral-Cloning-P3/image_write/IMG/left_2018_09_27_02_12_21_928.jpg,/home/workspace/CarND-Behavioral-Cloning-P3/image_write/IMG/right_2018_09_27_02_12_21_928.jpg,-0.8848354,0,0,1.419641
/home/workspace/CarND-Behavioral-Cloning-P3/image_write/IMG/center_2018_09_27_02_12_22_001.jpg,/home/workspace/CarND-Behavioral-Cloning-P3/image_write/IMG/left_2018_09_27_02_12_22_001.jpg,/home/workspace/CarND-Behavioral-Cloning-P3/image_write/IMG/right_2018_09_27_02_12_22_001.jpg,-0.9674594,0,0,1.400176
/home/workspace/CarND-Behavioral-Cloning-P3/image_write/IMG/center_2018_09_27_02_12_22_072.jpg,/home/workspace/CarND-Behavioral-Cloning-P3/image_write/IMG/left_2018_09_27_02_12_22_072.jpg,/home/workspace/CarND-Behavioral-Cloning-P3/image_write/IMG/right_2018_09_27_02_12_22_072.jpg,-0.7529979,0,0,1.392889
/home/workspace/CarND-Behavioral-Cloning-P3/image_write/IMG/center_2018_09_27_02_12_22_143.jpg,/home/workspace/CarND-Behavioral-Cloning-P3/image_write/IMG/left_2018_09_27_02_12_22_143.jpg,/home/workspace/CarND-Behavioral-Cloning-P3/image_write/IMG/right_2018_09_27_02_12_22_143.jpg,-0.8283703,0,0,1.377946
/home/workspace/CarND-Behavioral-Cloning-P3/image_write/IMG/center_2018_09_27_02_12_22_210.jpg,/home/workspace/CarND-Behavioral-Cloning-P3/image_write/IMG/left_2018_09_27_02_12_22_210.jpg,/home/workspace/CarND-Behavioral-Cloning-P3/image_write/IMG/right_2018_09_27_02_12_22_210.jpg,-0.9783703,0,0,1.357694
/home/workspace/CarND-Behavioral-Cloning-P3/image_write/IMG/center_2018_09_27_02_12_22_279.jpg,/home/workspace/CarND-Behavioral-Cloning-P3/image_write/IMG/left_2018_09_27_02_12_22_279.jpg,/home/workspace/CarND-Behavioral-Cloning-P3/image_write/IMG/right_2018_09_27_02_12_22_279.jpg,-0.8633203,0,0,1.348426
/home/workspace/CarND-Behavioral-Cloning-P3/image_write/IMG/center_2018_09_27_02_12_22_350.jpg,/home/workspace/CarND-Behavioral-Cloning-P3/image_write/IMG/left_2018_09_27_02_12_22_350.jpg,/home/workspace/CarND-Behavioral-Cloning-P3/image_write/IMG/right_2018_09_27_02_12_22_350.jpg,-1,0,0,1.326097
/home/workspace/CarND-Behavioral-Cloning-P3/image_write/IMG/center_2018_09_27_02_12_22_419.jpg,/home/workspace/CarND-Behavioral-Cloning-P3/image_write/IMG/left_2018_09_27_02_12_22_419.jpg,/home/workspace/CarND-Behavioral-Cloning-P3/image_write/IMG/right_2018_09_27_02_12_22_419.jpg,-0.9113168,0,0,1.316877
/home/workspace/CarND-Behavioral-Cloning-P3/image_write/IMG/center_2018_09_27_02_12_22_491.jpg,/home/workspace/CarND-Behavioral-Cloning-P3/image_write/IMG/left_2018_09_27_02_12_22_491.jpg,/home/workspace/CarND-Behavioral-Cloning-P3/image_write/IMG/right_2018_09_27_02_12_22_491.jpg,-0.6723971,0,0,1.31251
/home/workspace/CarND-Behavioral-Cloning-P3/image_write/IMG/center_2018_09_27_02_12_22_561.jpg,/home/workspace/CarND-Behavioral-Cloning-P3/image_write/IMG/left_2018_09_27_02_12_22_561.jpg,/home/workspace/CarND-Behavioral-Cloning-P3/image_write/IMG/right_2018_09_27_02_12_22_561.jpg,-0.8223972,0,0,1.299435
/home/workspace/CarND-Behavioral-Cloning-P3/image_write/IMG/center_2018_09_27_02_12_22_628.jpg,/home/workspace/CarND-Behavioral-Cloning-P3/image_write/IMG/left_2018_09_27_02_12_22_628.jpg,/home/workspace/CarND-Behavioral-Cloning-P3/image_write/IMG/right_2018_09_27_02_12_22_628.jpg,-0.6577866,0,0,1.290862
/home/workspace/CarND-Behavioral-Cloning-P3/image_write/IMG/center_2018_09_27_02_12_22_695.jpg,/home/workspace/CarND-Behavioral-Cloning-P3/image_write/IMG/left_2018_09_27_02_12_22_695.jpg,/home/workspace/CarND-Behavioral-Cloning-P3/image_write/IMG/right_2018_09_27_02_12_22_695.jpg,-0.7026619,0,0,1.282711
/home/workspace/CarND-Behavioral-Cloning-P3/image_write/IMG/center_2018_09_27_02_12_22_762.jpg,/home/workspace/CarND-Behavioral-Cloning-P3/image_write/IMG/left_2018_09_27_02_12_22_762.jpg,/home/workspace/CarND-Behavioral-Cloning-P3/image_write/IMG/right_2018_09_27_02_12_22_762.jpg,-0.9026619,0,0,1.261372
/home/workspace/CarND-Behavioral-Cloning-P3/image_write/IMG/center_2018_09_27_02_12_22_832.jpg,/home/workspace/CarND-Behavioral-Cloning-P3/image_write/IMG/left_2018_09_27_02_12_22_832.jpg,/home/workspace/CarND-Behavioral-Cloning-P3/image_write/IMG/right_2018_09_27_02_12_22_832.jpg,-0.7890453,0,0,1.253349
/home/workspace/CarND-Behavioral-Cloning-P3/image_write/IMG/center_2018_09_27_02_12_22_901.jpg,/home/workspace/CarND-Behavioral-Cloning-P3/image_write/IMG/left_2018_09_27_02_12_22_901.jpg,/home/workspace/CarND-Behavioral-Cloning-P3/image_write/IMG/right_2018_09_27_02_12_22_901.jpg,-0.7405403,0,0,1.247941
/home/workspace/CarND-Behavioral-Cloning-P3/image_write/IMG/center_2018_09_27_02_12_22_970.jpg,/home/workspace/CarND-Behavioral-Cloning-P3/image_write/IMG/left_2018_09_27_02_12_22_970.jpg,/home/workspace/CarND-Behavioral-Cloning-P3/image_write/IMG/right_2018_09_27_02_12_22_970.jpg,-0.8095517,0,0,1.231135
/home/workspace/CarND-Behavioral-Cloning-P3/image_write/IMG/center_2018_09_27_02_12_23_040.jpg,/home/workspace/CarND-Behavioral-Cloning-P3/image_write/IMG/left_2018_09_27_02_12_23_040.jpg,/home/workspace/CarND-Behavioral-Cloning-P3/image_write/IMG/right_2018_09_27_02_12_23_040.jpg,-0.6429286,0,0,1.227874
/home/workspace/CarND-Behavioral-Cloning-P3/image_write/IMG/center_2018_09_27_02_12_23_107.jpg,/home/workspace/CarND-Behavioral-Cloning-P3/image_write/IMG/left_2018_09_27_02_12_23_107.jpg,/home/workspace/CarND-Behavioral-Cloning-P3/image_write/IMG/right_2018_09_27_02_12_23_107.jpg,-0.3967483,0,0,1.223125
/home/workspace/CarND-Behavioral-Cloning-P3/image_write/IMG/center_2018_09_27_02_12_23_179.jpg,/home/workspace/CarND-Behavioral-Cloning-P3/image_write/IMG/left_2018_09_27_02_12_23_179.jpg,/home/workspace/CarND-Behavioral-Cloning-P3/image_write/IMG/right_2018_09_27_02_12_23_179.jpg,-0.5467483,0,0,1.213794
/home/workspace/CarND-Behavioral-Cloning-P3/image_write/IMG/center_2018_09_27_02_12_23_255.jpg,/home/workspace/CarND-Behavioral-Cloning-P3/image_write/IMG/left_2018_09_27_02_12_23_255.jpg,/home/workspace/CarND-Behavioral-Cloning-P3/image_write/IMG/right_2018_09_27_02_12_23_255.jpg,-0.6931481,0,0,1.197902
/home/workspace/CarND-Behavioral-Cloning-P3/image_write/IMG/center_2018_09_27_02_12_23_329.jpg,/home/workspace/CarND-Behavioral-Cloning-P3/image_write/IMG/left_2018_09_27_02_12_23_329.jpg,/home/workspace/CarND-Behavioral-Cloning-P3/image_write/IMG/right_2018_09_27_02_12_23_329.jpg,-0.7795061,0,0,1.183541
/home/workspace/CarND-Behavioral-Cloning-P3/image_write/IMG/center_2018_09_27_02_12_23_399.jpg,/home/workspace/CarND-Behavioral-Cloning-P3/image_write/IMG/left_2018_09_27_02_12_23_399.jpg,/home/workspace/CarND-Behavioral-Cloning-P3/image_write/IMG/right_2018_09_27_02_12_23_399.jpg,-0.8371642,0,0,1.169848
/home/workspace/CarND-Behavioral-Cloning-P3/image_write/IMG/center_2018_09_27_02_12_23_473.jpg,/home/workspace/CarND-Behavioral-Cloning-P3/image_write/IMG/left_2018_09_27_02_12_23_473.jpg,/home/workspace/CarND-Behavioral-Cloning-P3/image_write/IMG/right_2018_09_27_02_12_23_473.jpg,-0.6077902,0,0,1.164607
/home/workspace/CarND-Behavioral-Cloning-P3/image_write/IMG/center_2018_09_27_02_12_23_544.jpg,/home/workspace/CarND-Behavioral-Cloning-P3/image_write/IMG/left_2018_09_27_02_12_23_544.jpg,/home/workspace/CarND-Behavioral-Cloning-P3/image_write/IMG/right_2018_09_27_02_12_23_544.jpg,-0.5910512,0,0,1.155535
/home/workspace/CarND-Behavioral-Cloning-P3/image_write/IMG/center_2018_09_27_02_12_23_615.jpg,/home/workspace/CarND-Behavioral-Cloning-P3/image_write/IMG/left_2018_09_27_02_12_23_615.jpg,/home/workspace/CarND-Behavioral-Cloning-P3/image_write/IMG/right_2018_09_27_02_12_23_615.jpg,-0.7410513,0,0,1.142494
/home/workspace/CarND-Behavioral-Cloning-P3/image_write/IMG/center_2018_09_27_02_12_23_687.jpg,/home/workspace/CarND-Behavioral-Cloning-P3/image_write/IMG/left_2018_09_27_02_12_23_687.jpg,/home/workspace/CarND-Behavioral-Cloning-P3/image_write/IMG/right_2018_09_27_02_12_23_687.jpg,-0.7378052,0,0,1.130609
/home/workspace/CarND-Behavioral-Cloning-P3/image_write/IMG/center_2018_09_27_02_12_23_758.jpg,/home/workspace/CarND-Behavioral-Cloning-P3/image_write/IMG/left_2018_09_27_02_12_23_758.jpg,/home/workspace/CarND-Behavioral-Cloning-P3/image_write/IMG/right_2018_09_27_02_12_23_758.jpg,-0.8878052,0,0,1.116193
/home/workspace/CarND-Behavioral-Cloning-P3/image_write/IMG/center_2018_09_27_02_12_23_830.jpg,/home/workspace/CarND-Behavioral-Cloning-P3/image_write/IMG/left_2018_09_27_02_12_23_830.jpg,/home/workspace/CarND-Behavioral-Cloning-P3/image_write/IMG/right_2018_09_27_02_12_23_830.jpg,-0.8997655,0,0,1.09899
/home/workspace/CarND-Behavioral-Cloning-P3/image_write/IMG/center_2018_09_27_02_12_23_901.jpg,/home/workspace/CarND-Behavioral-Cloning-P3/image_write/IMG/left_2018_09_27_02_12_23_901.jpg,/home/workspace/CarND-Behavioral-Cloning-P3/image_write/IMG/right_2018_09_27_02_12_23_901.jpg,-0.7335265,0,0,1.095573
/home/workspace/CarND-Behavioral-Cloning-P3/image_write/IMG/center_2018_09_27_02_12_23_974.jpg,/home/workspace/CarND-Behavioral-Cloning-P3/image_write/IMG/left_2018_09_27_02_12_23_974.jpg,/home/workspace/CarND-Behavioral-Cloning-P3/image_write/IMG/right_2018_09_27_02_12_23_974.jpg,-0.9335265,0,0,1.077976
/home/workspace/CarND-Behavioral-Cloning-P3/image_write/IMG/center_2018_09_27_02_12_24_046.jpg,/home/workspace/CarND-Behavioral-Cloning-P3/image_write/IMG/left_2018_09_27_02_12_24_046.jpg,/home/workspace/CarND-Behavioral-Cloning-P3/image_write/IMG/right_2018_09_27_02_12_24_046.jpg,-0.8973701,0,0,1.063491
/home/workspace/CarND-Behavioral-Cloning-P3/image_write/IMG/center_2018_09_27_02_12_24_120.jpg,/home/workspace/CarND-Behavioral-Cloning-P3/image_write/IMG/left_2018_09_27_02_12_24_120.jpg,/home/workspace/CarND-Behavioral-Cloning-P3/image_write/IMG/right_2018_09_27_02_12_24_120.jpg,-0.7051394,0,0,1.060859
/home/workspace/CarND-Behavioral-Cloning-P3/image_write/IMG/center_2018_09_27_02_12_24_189.jpg,/home/workspace/CarND-Behavioral-Cloning-P3/image_write/IMG/left_2018_09_27_02_12_24_189.jpg,/home/workspace/CarND-Behavioral-Cloning-P3/image_write/IMG/right_2018_09_27_02_12_24_189.jpg,-0.7023142,0,0,1.05277
/home/workspace/CarND-Behavioral-Cloning-P3/image_write/IMG/center_2018_09_27_02_12_24_257.jpg,/home/workspace/CarND-Behavioral-Cloning-P3/image_write/IMG/left_2018_09_27_02_12_24_257.jpg,/home/workspace/CarND-Behavioral-Cloning-P3/image_write/IMG/right_2018_09_27_02_12_24_257.jpg,-0.7212884,0,0,1.043164
/home/workspace/CarND-Behavioral-Cloning-P3/image_write/IMG/center_2018_09_27_02_12_24_330.jpg,/home/workspace/CarND-Behavioral-Cloning-P3/image_write/IMG/left_2018_09_27_02_12_24_330.jpg,/home/workspace/CarND-Behavioral-Cloning-P3/image_write/IMG/right_2018_09_27_02_12_24_330.jpg,-0.5995741,0,0,1.037794
/home/workspace/CarND-Behavioral-Cloning-P3/image_write/IMG/center_2018_09_27_02_12_24_405.jpg,/home/workspace/CarND-Behavioral-Cloning-P3/image_write/IMG/left_2018_09_27_02_12_24_405.jpg,/home/workspace/CarND-Behavioral-Cloning-P3/image_write/IMG/right_2018_09_27_02_12_24_405.jpg,-0.7995742,0,0,1.022723
/home/workspace/CarND-Behavioral-Cloning-P3/image_write/IMG/center_2018_09_27_02_12_24_482.jpg,/home/workspace/CarND-Behavioral-Cloning-P3/image_write/IMG/left_2018_09_27_02_12_24_482.jpg,/home/workspace/CarND-Behavioral-Cloning-P3/image_write/IMG/right_2018_09_27_02_12_24_482.jpg,-0.9495742,0,0,1.00833
/home/workspace/CarND-Behavioral-Cloning-P3/image_write/IMG/center_2018_09_27_02_12_24_551.jpg,/home/workspace/CarND-Behavioral-Cloning-P3/image_write/IMG/left_2018_09_27_02_12_24_551.jpg,/home/workspace/CarND-Behavioral-Cloning-P3/image_write/IMG/right_2018_09_27_02_12_24_551.jpg,-0.9552108,0,0,0.9964169
/home/workspace/CarND-Behavioral-Cloning-P3/image_write/IMG/center_2018_09_27_02_12_24_623.jpg,/home/workspace/CarND-Behavioral-Cloning-P3/image_write/IMG/left_2018_09_27_02_12_24_623.jpg,/home/workspace/CarND-Behavioral-Cloning-P3/image_write/IMG/right_2018_09_27_02_12_24_623.jpg,-1,0,0,0.9808807
/home/workspace/CarND-Behavioral-Cloning-P3/image_write/IMG/center_2018_09_27_02_12_24_690.jpg,/home/workspace/CarND-Behavioral-Cloning-P3/image_write/IMG/left_2018_09_27_02_12_24_690.jpg,/home/workspace/CarND-Behavioral-Cloning-P3/image_write/IMG/right_2018_09_27_02_12_24_690.jpg,-0.9671111,0,0,0.9723047
/home/workspace/CarND-Behavioral-Cloning-P3/image_write/IMG/center_2018_09_27_02_12_24_766.jpg,/home/workspace/CarND-Behavioral-Cloning-P3/image_write/IMG/left_2018_09_27_02_12_24_766.jpg,/home/workspace/CarND-Behavioral-Cloning-P3/image_write/IMG/right_2018_09_27_02_12_24_766.jpg,-0.9683086,0,0,0.9620417
/home/workspace/CarND-Behavioral-Cloning-P3/image_write/IMG/center_2018_09_27_02_12_24_839.jpg,/home/workspace/CarND-Behavioral-Cloning-P3/image_write/IMG/left_2018_09_27_02_12_24_839.jpg,/home/workspace/CarND-Behavioral-Cloning-P3/image_write/IMG/right_2018_09_27_02_12_24_839.jpg,-1,0,0,0.9507603
/home/workspace/CarND-Behavioral-Cloning-P3/image_write/IMG/center_2018_09_27_02_12_24_911.jpg,/home/workspace/CarND-Behavioral-Cloning-P3/image_write/IMG/left_2018_09_27_02_12_24_911.jpg,/home/workspace/CarND-Behavioral-Cloning-P3/image_write/IMG/right_2018_09_27_02_12_24_911.jpg,-0.854758,0,0,0.9426735
/home/workspace/CarND-Behavioral-Cloning-P3/image_write/IMG/center_2018_09_27_02_12_24_985.jpg,/home/workspace/CarND-Behavioral-Cloning-P3/image_write/IMG/left_2018_09_27_02_12_24_985.jpg,/home/workspace/CarND-Behavioral-Cloning-P3/image_write/IMG/right_2018_09_27_02_12_24_985.jpg,-0.6104531,0,0,0.9398623
/home/workspace/CarND-Behavioral-Cloning-P3/image_write/IMG/center_2018_09_27_02_12_25_056.jpg,/home/workspace/CarND-Behavioral-Cloning-P3/image_write/IMG/left_2018_09_27_02_12_25_056.jpg,/home/workspace/CarND-Behavioral-Cloning-P3/image_write/IMG/right_2018_09_27_02_12_25_056.jpg,-0.7604532,0,0,0.930827
/home/workspace/CarND-Behavioral-Cloning-P3/image_write/IMG/center_2018_09_27_02_12_25_126.jpg,/home/workspace/CarND-Behavioral-Cloning-P3/image_write/IMG/left_2018_09_27_02_12_25_126.jpg,/home/workspace/CarND-Behavioral-Cloning-P3/image_write/IMG/right_2018_09_27_02_12_25_126.jpg,-0.8575683,0,0,0.9160978
/home/workspace/CarND-Behavioral-Cloning-P3/image_write/IMG/center_2018_09_27_02_12_25_196.jpg,/home/workspace/CarND-Behavioral-Cloning-P3/image_write/IMG/left_2018_09_27_02_12_25_196.jpg,/home/workspace/CarND-Behavioral-Cloning-P3/image_write/IMG/right_2018_09_27_02_12_25_196.jpg,-1,0,0,0.9033405
/home/workspace/CarND-Behavioral-Cloning-P3/image_write/IMG/center_2018_09_27_02_12_25_266.jpg,/home/workspace/CarND-Behavioral-Cloning-P3/image_write/IMG/left_2018_09_27_02_12_25_266.jpg,/home/workspace/CarND-Behavioral-Cloning-P3/image_write/IMG/right_2018_09_27_02_12_25_266.jpg,-1,0,0,0.8902305
/home/workspace/CarND-Behavioral-Cloning-P3/image_write/IMG/center_2018_09_27_02_12_25_337.jpg,/home/workspace/CarND-Behavioral-Cloning-P3/image_write/IMG/left_2018_09_27_02_12_25_337.jpg,/home/workspace/CarND-Behavioral-Cloning-P3/image_write/IMG/right_2018_09_27_02_12_25_337.jpg,-0.8857358,0,0,0.8845269
/home/workspace/CarND-Behavioral-Cloning-P3/image_write/IMG/center_2018_09_27_02_12_25_406.jpg,/home/workspace/CarND-Behavioral-Cloning-P3/image_write/IMG/left_2018_09_27_02_12_25_406.jpg,/home/workspace/CarND-Behavioral-Cloning-P3/image_write/IMG/right_2018_09_27_02_12_25_406.jpg,-0.8720001,0,0,0.8763283
/home/workspace/CarND-Behavioral-Cloning-P3/image_write/IMG/center_2018_09_27_02_12_25_478.jpg,/home/workspace/CarND-Behavioral-Cloning-P3/image_write/IMG/left_2018_09_27_02_12_25_478.jpg,/home/workspace/CarND-Behavioral-Cloning-P3/image_write/IMG/right_2018_09_27_02_12_25_478.jpg,-1,0,0,0.8624545
/home/workspace/CarND-Behavioral-Cloning-P3/image_write/IMG/center_2018_09_27_02_12_25_546.jpg,/home/workspace/CarND-Behavioral-Cloning-P3/image_write/IMG/left_2018_09_27_02_12_25_546.jpg,/home/workspace/CarND-Behavioral-Cloning-P3/image_write/IMG/right_2018_09_27_02_12_25_546.jpg,-0.7967916,0,0,0.8560497
/home/workspace/CarND-Behavioral-Cloning-P3/image_write/IMG/center_2018_09_27_02_12_25_616.jpg,/home/workspace/CarND-Behavioral-Cloning-P3/image_write/IMG/left_2018_09_27_02_12_25_616.jpg,/home/workspace/CarND-Behavioral-Cloning-P3/image_write/IMG/right_2018_09_27_02_12_25_616.jpg,-0.8347574,0,0,0.8492619
/home/workspace/CarND-Behavioral-Cloning-P3/image_write/IMG/center_2018_09_27_02_12_25_687.jpg,/home/workspace/CarND-Behavioral-Cloning-P3/image_write/IMG/left_2018_09_27_02_12_25_687.jpg,/home/workspace/CarND-Behavioral-Cloning-P3/image_write/IMG/right_2018_09_27_02_12_25_687.jpg,-1,0,0,0.8318426
/home/workspace/CarND-Behavioral-Cloning-P3/image_write/IMG/center_2018_09_27_02_12_25_755.jpg,/home/workspace/CarND-Behavioral-Cloning-P3/image_write/IMG/left_2018_09_27_02_12_25_755.jpg,/home/workspace/CarND-Behavioral-Cloning-P3/image_write/IMG/right_2018_09_27_02_12_25_755.jpg,-0.8519764,0,0,0.8269541
/home/workspace/CarND-Behavioral-Cloning-P3/image_write/IMG/center_2018_09_27_02_12_25_827.jpg,/home/workspace/CarND-Behavioral-Cloning-P3/image_write/IMG/left_2018_09_27_02_12_25_827.jpg,/home/workspace/CarND-Behavioral-Cloning-P3/image_write/IMG/right_2018_09_27_02_12_25_827.jpg,-0.9370449,0,0,0.8153003
/home/workspace/CarND-Behavioral-Cloning-P3/image_write/IMG/center_2018_09_27_02_12_25_894.jpg,/home/workspace/CarND-Behavioral-Cloning-P3/image_write/IMG/left_2018_09_27_02_12_25_894.jpg,/home/workspace/CarND-Behavioral-Cloning-P3/image_write/IMG/right_2018_09_27_02_12_25_894.jpg,-1,0,0,0.8029811
/home/workspace/CarND-Behavioral-Cloning-P3/image_write/IMG/center_2018_09_27_02_12_25_963.jpg,/home/workspace/CarND-Behavioral-Cloning-P3/image_write/IMG/left_2018_09_27_02_12_25_963.jpg,/home/workspace/CarND-Behavioral-Cloning-P3/image_write/IMG/right_2018_09_27_02_12_25_963.jpg,-0.7638726,0,0,0.7985062
/home/workspace/CarND-Behavioral-Cloning-P3/image_write/IMG/center_2018_09_27_02_12_26_038.jpg,/home/workspace/CarND-Behavioral-Cloning-P3/image_write/IMG/left_2018_09_27_02_12_26_038.jpg,/home/workspace/CarND-Behavioral-Cloning-P3/image_write/IMG/right_2018_09_27_02_12_26_038.jpg,-0.5687652,0,0,0.7964619
/home/workspace/CarND-Behavioral-Cloning-P3/image_write/IMG/center_2018_09_27_02_12_26_105.jpg,/home/workspace/CarND-Behavioral-Cloning-P3/image_write/IMG/left_2018_09_27_02_12_26_105.jpg,/home/workspace/CarND-Behavioral-Cloning-P3/image_write/IMG/right_2018_09_27_02_12_26_105.jpg,-0.3360281,0,0,0.7928679
/home/workspace/CarND-Behavioral-Cloning-P3/image_write/IMG/center_2018_09_27_02_12_26_173.jpg,/home/workspace/CarND-Behavioral-Cloning-P3/image_write/IMG/left_2018_09_27_02_12_26_173.jpg,/home/workspace/CarND-Behavioral-Cloning-P3/image_write/IMG/right_2018_09_27_02_12_26_173.jpg,-0.1553617,0,0,0.7891588
/home/workspace/CarND-Behavioral-Cloning-P3/image_write/IMG/center_2018_09_27_02_12_26_243.jpg,/home/workspace/CarND-Behavioral-Cloning-P3/image_write/IMG/left_2018_09_27_02_12_26_243.jpg,/home/workspace/CarND-Behavioral-Cloning-P3/image_write/IMG/right_2018_09_27_02_12_26_243.jpg,0,0,0,0.7829886
/home/workspace/CarND-Behavioral-Cloning-P3/image_write/IMG/center_2018_09_27_02_12_26_349.jpg,/home/workspace/CarND-Behavioral-Cloning-P3/image_write/IMG/left_2018_09_27_02_12_26_349.jpg,/home/workspace/CarND-Behavioral-Cloning-P3/image_write/IMG/right_2018_09_27_02_12_26_349.jpg,0,0,0,0.7645596
